week_start,iso_year,iso_week,round_count,baseline_avg,count_index,usd_n,usd_median,usd_baseline_median,usd_index,mega_rounds,revised_count_index,revised_usd_index,methodology_version,computed_at,computed_retroactively,coverage_affected
2026-09-28,2026,40,31,13.08,236.9,20,18500000,21500000,86,0,,,1.0,2026-10-04T21:00:00.144681+00:00,false,true
2026-09-21,2026,39,26,12.08,215.2,18,23000000,21500000,107,0,215.2,107,1.0,2026-09-29T15:58:34.347318+00:00,true,true
2026-09-14,2026,38,21,11.58,181.3,14,32500000,20000000,162.5,0,181.3,162.5,1.0,2026-09-29T15:58:34.347318+00:00,true,true
2026-09-07,2026,37,9,12.17,74,9,25000000,20000000,125,0,74,125,1.0,2026-09-29T15:58:34.347318+00:00,true,true
2026-08-31,2026,36,8,13,61.5,7,87000000,18000000,483.3,1,61.5,483.3,1.0,2026-09-29T15:58:34.347318+00:00,true,false
2026-08-24,2026,35,13,12.75,102,11,20000000,17500000,114.3,0,102,114.3,1.0,2026-09-29T15:58:34.347318+00:00,true,false
2026-08-17,2026,34,11,12.75,86.3,6,21250000,16750000,126.9,1,86.3,126.9,1.0,2026-09-29T15:58:34.347318+00:00,true,false
2026-08-10,2026,33,7,13.92,50.3,4,31250000,19000000,,0,50.3,,1.0,2026-09-29T15:58:34.347318+00:00,true,false
2026-08-03,2026,32,8,14.83,53.9,6,45000000,17700000,254.2,0,53.9,254.2,1.0,2026-09-29T15:58:34.347318+00:00,true,false
2026-07-27,2026,31,9,15.17,59.3,8,17500000,16000000,109.4,0,,,1.0,2026-09-29T15:58:34.347318+00:00,true,false
2026-07-20,2026,30,11,15.67,70.2,10,35100000,15000000,234,1,,,1.0,2026-09-29T15:58:34.347318+00:00,true,false
2026-07-13,2026,29,15,15.25,98.4,11,20000000,14500000,137.9,0,,,1.0,2026-09-29T15:58:34.347318+00:00,true,false
2026-07-06,2026,28,19,15.5,122.6,10,19000000,14000000,135.7,0,,,1.0,2026-09-29T15:58:34.347318+00:00,true,false
2026-06-29,2026,27,14,15.42,90.8,10,14062500,15000000,93.8,0,,,1.0,2026-09-29T15:58:34.347318+00:00,true,false
2026-06-22,2026,26,15,15.58,96.3,12,15500000,15000000,103.3,0,,,1.0,2026-09-29T15:58:34.347318+00:00,true,false
2026-06-15,2026,25,16,15.58,102.7,10,9500000,14000000,67.9,0,,,1.0,2026-09-29T15:58:34.347318+00:00,true,false
2026-06-08,2026,24,18,15.33,117.4,16,15500000,14000000,110.7,1,,,1.0,2026-09-29T15:58:34.347318+00:00,true,false
2026-06-01,2026,23,10,16.25,61.5,6,11500000,15000000,76.7,1,,,1.0,2026-09-29T15:58:34.347318+00:00,true,false
2026-05-25,2026,22,11,16.58,66.3,9,8000000,14200000,56.3,1,,,1.0,2026-09-29T15:58:34.347318+00:00,true,false
2026-05-18,2026,21,21,16.5,127.3,16,32500000,12400000,262.1,0,,,1.0,2026-09-29T15:58:34.347318+00:00,true,false
2026-05-11,2026,20,19,17.08,111.2,14,13000000,12000000,108.3,0,,,1.0,2026-09-29T15:58:34.347318+00:00,true,false
2026-05-04,2026,19,13,17.75,73.2,9,6000000,13500000,44.4,1,,,1.0,2026-09-29T15:58:34.347318+00:00,true,false
2026-04-27,2026,18,17,18.08,94,14,16500000,12500000,132,0,,,1.0,2026-09-29T15:58:34.347318+00:00,true,false
2026-04-20,2026,17,10,18.83,53.1,8,6500000,13250000,49.1,0,,,1.0,2026-09-29T15:58:34.347318+00:00,true,false
2026-04-13,2026,16,22,18.58,118.4,16,13500000,13650000,98.9,0,,,1.0,2026-09-29T15:58:34.347318+00:00,true,false
2026-04-06,2026,15,13,19,68.4,10,21500000,13000000,165.4,0,,,1.0,2026-09-29T15:58:34.347318+00:00,true,false
2026-03-30,2026,14,17,18.67,91.1,13,21500000,13000000,165.4,1,,,1.0,2026-09-29T15:58:34.347318+00:00,true,false
2026-03-23,2026,13,16,17.5,91.4,14,7750000,14000000,55.4,0,,,1.0,2026-09-29T15:58:34.347318+00:00,true,false
2026-03-16,2026,12,15,16.42,91.4,11,10000000,14250000,70.2,0,,,1.0,2026-09-29T15:58:34.347318+00:00,true,false
2026-03-09,2026,11,21,16,131.3,15,17500000,14750000,118.6,2,,,1.0,2026-09-29T15:58:34.347318+00:00,true,false
2026-03-02,2026,10,15,16.33,91.8,11,7500000,15000000,50,0,,,1.0,2026-09-29T15:58:34.347318+00:00,true,false
2026-02-23,2026,9,20,16.08,124.4,16,10200000,15200000,67.1,0,,,1.0,2026-09-29T15:58:34.347318+00:00,true,false
2026-02-16,2026,8,26,14.75,176.3,20,11125000,17000000,65.4,0,,,1.0,2026-09-29T15:58:34.347318+00:00,true,false
2026-02-09,2026,7,21,14.5,144.8,17,17000000,17000000,100,1,,,1.0,2026-09-29T15:58:34.347318+00:00,true,false
2026-02-02,2026,6,21,13.83,151.8,15,15750000,17000000,92.6,1,,,1.0,2026-09-29T15:58:34.347318+00:00,true,false
2026-01-26,2026,5,19,13.42,141.6,14,11000000,20000000,55,0,,,1.0,2026-09-29T15:58:34.347318+00:00,true,false
2026-01-19,2026,4,19,12.83,148.1,10,45000000,20000000,225,0,,,1.0,2026-09-29T15:58:34.347318+00:00,true,false
2026-01-12,2026,3,18,13.17,136.7,13,20000000,17000000,117.6,0,,,1.0,2026-09-29T15:58:34.347318+00:00,true,false
2026-01-05,2026,2,13,14.42,90.2,9,20000000,17000000,117.6,0,,,1.0,2026-09-29T15:58:34.347318+00:00,true,false
2025-12-29,2026,1,2,15.67,12.8,1,23600000,17000000,,0,,,1.0,2026-09-29T15:58:34.347318+00:00,true,false
2025-12-22,2025,52,2,16.83,11.9,1,35000000,17000000,,0,,,1.0,2026-09-29T15:58:34.347318+00:00,true,false
2025-12-15,2025,51,16,17,94.1,15,30000000,18100000,165.7,0,,,1.0,2026-09-29T15:58:34.347318+00:00,true,false
2025-12-08,2025,50,19,17,111.8,13,13500000,20000000,67.5,0,,,1.0,2026-09-29T15:58:34.347318+00:00,true,false
2025-12-01,2025,49,17,16.25,104.6,13,17000000,20000000,85,2,,,1.0,2026-09-29T15:58:34.347318+00:00,true,false
2025-11-24,2025,48,10,16.83,59.4,7,20000000,20000000,100,0,,,1.0,2026-09-29T15:58:34.347318+00:00,true,false
2025-11-17,2025,47,18,16.42,109.6,15,21000000,20000000,105,2,,,1.0,2026-09-29T15:58:34.347318+00:00,true,false
2025-11-10,2025,46,13,16.25,80,10,13500000,20000000,67.5,3,,,1.0,2026-09-29T15:58:34.347318+00:00,true,false
2025-11-03,2025,45,14,15.92,88,10,76000000,20000000,380,2,,,1.0,2026-09-29T15:58:34.347318+00:00,true,false
2025-10-27,2025,44,12,16.5,72.7,8,43250000,20000000,216.3,1,,,1.0,2026-09-29T15:58:34.347318+00:00,true,false
2025-10-20,2025,43,22,16.42,134,20,12750000,22000000,58,1,,,1.0,2026-09-29T15:58:34.347318+00:00,true,false
2025-10-13,2025,42,28,15.42,181.6,25,14000000,24000000,58.3,1,,,1.0,2026-09-29T15:58:34.347318+00:00,true,false
2025-10-06,2025,41,17,14.92,114,13,25000000,23000000,108.7,2,,,1.0,2026-09-29T15:58:34.347318+00:00,true,false
2025-09-29,2025,40,16,14.5,110.3,12,17500000,25000000,70,0,,,1.0,2026-09-29T15:58:34.347318+00:00,true,false
2025-09-22,2025,39,18,13.92,129.3,14,30000000,24500000,122.4,0,,,1.0,2026-09-29T15:58:34.347318+00:00,true,false
2025-09-15,2025,38,19,13.33,142.5,16,32000000,23500000,136.2,0,,,1.0,2026-09-29T15:58:34.347318+00:00,true,false
2025-09-08,2025,37,8,14,57.1,6,8700000,22500000,38.7,0,,,1.0,2026-09-29T15:58:34.347318+00:00,true,false
2025-09-01,2025,36,17,13.83,122.9,14,26000000,23000000,113,1,,,1.0,2026-09-29T15:58:34.347318+00:00,true,false
2025-08-25,2025,35,13,13.67,95.1,11,18100000,25000000,72.4,0,,,1.0,2026-09-29T15:58:34.347318+00:00,true,false
2025-08-18,2025,34,11,14.08,78.1,10,11250000,25000000,45,0,,,1.0,2026-09-29T15:58:34.347318+00:00,true,false
2025-08-11,2025,33,10,14.58,68.6,7,16000000,25000000,64,0,,,1.0,2026-09-29T15:58:34.347318+00:00,true,false
2025-08-04,2025,32,19,14,135.7,17,36000000,23000000,156.5,0,,,1.0,2026-09-29T15:58:34.347318+00:00,true,false
2025-07-28,2025,31,21,13.58,154.6,19,25000000,22000000,113.6,1,,,1.0,2026-09-29T15:58:34.347318+00:00,true,false
2025-07-21,2025,30,16,13.75,116.4,14,31500000,20000000,157.5,0,,,1.0,2026-09-29T15:58:34.347318+00:00,true,false
2025-07-14,2025,29,11,14.25,77.2,7,22000000,20000000,110,0,,,1.0,2026-09-29T15:58:34.347318+00:00,true,false
2025-07-07,2025,28,11,14.5,75.9,8,34500000,20000000,172.5,0,,,1.0,2026-09-29T15:58:34.347318+00:00,true,false
2025-06-30,2025,27,11,15.5,71,9,28500000,20000000,142.5,0,,,1.0,2026-09-29T15:58:34.347318+00:00,true,false
2025-06-23,2025,26,12,16,75,8,24000000,20000000,120,0,,,1.0,2026-09-29T15:58:34.347318+00:00,true,false
2025-06-16,2025,25,16,16,100,14,10850000,20000000,54.3,0,,,1.0,2026-09-29T15:58:34.347318+00:00,true,false
2025-06-09,2025,24,15,15.67,95.7,10,24000000,20000000,120,0,,,1.0,2026-09-29T15:58:34.347318+00:00,true,false
2025-06-02,2025,23,11,16.08,68.4,7,30000000,19800000,151.5,1,,,1.0,2026-09-29T15:58:34.347318+00:00,true,false
2025-05-26,2025,22,16,16.42,97.5,13,14500000,19000000,76.3,0,,,1.0,2026-09-29T15:58:34.347318+00:00,true,false
2025-05-19,2025,21,16,16.33,98,11,17000000,20000000,85,0,,,1.0,2026-09-29T15:58:34.347318+00:00,true,false
2025-05-12,2025,20,12,16.5,72.7,9,15000000,19000000,78.9,0,,,1.0,2026-09-29T15:58:34.347318+00:00,true,false
2025-05-05,2025,19,16,16.67,96,13,15000000,18000000,83.3,1,,,1.0,2026-09-29T15:58:34.347318+00:00,true,false
2025-04-28,2025,18,18,17.25,104.3,17,16000000,17000000,94.1,0,,,1.0,2026-09-29T15:58:34.347318+00:00,true,false
2025-04-21,2025,17,17,16.75,101.5,12,17950000,17000000,105.6,0,,,1.0,2026-09-29T15:58:34.347318+00:00,true,false
2025-04-14,2025,16,14,17.08,82,8,49000000,16000000,306.3,0,,,1.0,2026-09-29T15:58:34.347318+00:00,true,false
2025-04-07,2025,15,23,16.5,139.4,15,30000000,15000000,200,1,,,1.0,2026-09-29T15:58:34.347318+00:00,true,false
2025-03-31,2025,14,18,15.67,114.9,16,25000000,15000000,166.7,2,,,1.0,2026-09-29T15:58:34.347318+00:00,true,false
2025-03-24,2025,13,16,14.5,110.3,11,17000000,15000000,113.3,0,,,1.0,2026-09-29T15:58:34.347318+00:00,true,false
2025-03-17,2025,12,11,13.67,80.5,8,19000000,15000000,126.7,0,,,1.0,2026-09-29T15:58:34.347318+00:00,true,false
2025-03-10,2025,11,16,13.75,116.4,12,30000000,13800000,217.4,1,,,1.0,2026-09-29T15:58:34.347318+00:00,true,false
2025-03-03,2025,10,20,13.08,152.9,14,15900000,12500000,127.2,1,,,1.0,2026-09-29T15:58:34.347318+00:00,true,false
2025-02-24,2025,9,15,12.67,118.4,12,20850000,12000000,173.8,1,,,1.0,2026-09-29T15:58:34.347318+00:00,true,false
2025-02-17,2025,8,14,12.92,108.4,12,11000000,13000000,84.6,0,,,1.0,2026-09-29T15:58:34.347318+00:00,true,false
2025-02-10,2025,7,18,12.5,144,15,8250000,13300000,62,0,,,1.0,2026-09-29T15:58:34.347318+00:00,true,false
2025-02-03,2025,6,25,12,208.3,23,14000000,12250000,114.3,0,,,1.0,2026-09-29T15:58:34.347318+00:00,true,false
2025-01-27,2025,5,11,12.17,90.4,9,9900000,12950000,76.4,0,,,1.0,2026-09-29T15:58:34.347318+00:00,true,false
2025-01-20,2025,4,18,11.75,153.2,13,40000000,13650000,293,1,,,1.0,2026-09-29T15:58:34.347318+00:00,true,false
2025-01-13,2025,3,16,11.42,140.1,13,10000000,15000000,66.7,0,,,1.0,2026-09-29T15:58:34.347318+00:00,true,false
2025-01-06,2025,2,8,11.75,68.1,8,17750000,14500000,122.4,0,,,1.0,2026-09-29T15:58:34.347318+00:00,true,false
2024-12-30,2025,1,2,12.58,15.9,1,20000000,13650000,,0,,,1.0,2026-09-29T15:58:34.347318+00:00,true,false
2024-12-23,2024,52,1,13.5,7.4,1,113000000,13650000,,0,,,1.0,2026-09-29T15:58:34.347318+00:00,true,false
2024-12-16,2024,51,17,12.83,132.5,16,27500000,12600000,218.3,0,,,1.0,2026-09-29T15:58:34.347318+00:00,true,false
2024-12-09,2024,50,12,12.92,92.9,7,10000000,12550000,79.7,0,,,1.0,2026-09-29T15:58:34.347318+00:00,true,false
2024-12-02,2024,49,10,13.33,75,7,23000000,13150000,174.9,0,,,1.0,2026-09-29T15:58:34.347318+00:00,true,false
2024-11-25,2024,48,17,13.08,129.9,12,14500000,15000000,96.7,0,,,1.0,2026-09-29T15:58:34.347318+00:00,true,false
2024-11-18,2024,47,13,12.67,102.6,13,7000000,15000000,46.7,0,,,1.0,2026-09-29T15:58:34.347318+00:00,true,false
2024-11-11,2024,46,19,12.75,149,14,11000000,15000000,73.3,0,,,1.0,2026-09-29T15:58:34.347318+00:00,true,false
2024-11-04,2024,45,13,13,100,7,15000000,15000000,100,0,,,1.0,2026-09-29T15:58:34.347318+00:00,true,false
2024-10-28,2024,44,13,13.08,99.4,11,16000000,15000000,106.7,0,,,1.0,2026-09-29T15:58:34.347318+00:00,true,false
2024-10-21,2024,43,12,13.58,88.3,11,12000000,12500000,96,0,,,1.0,2026-09-29T15:58:34.347318+00:00,true,false
2024-10-14,2024,42,12,14.17,84.7,10,9500000,15000000,63.3,0,,,1.0,2026-09-29T15:58:34.347318+00:00,true,false
2024-10-07,2024,41,12,14.33,83.7,9,13000000,15000000,86.7,0,,,1.0,2026-09-29T15:58:34.347318+00:00,true,false
2024-09-30,2024,40,12,14.25,84.2,9,21000000,13500000,155.6,1,,,1.0,2026-09-29T15:58:34.347318+00:00,true,false
2024-09-23,2024,39,9,14.33,62.8,5,7200000,13500000,53.3,0,,,1.0,2026-09-29T15:58:34.347318+00:00,true,false
2024-09-16,2024,38,13,14.92,87.2,12,5875000,13750000,42.7,0,,,1.0,2026-09-29T15:58:34.347318+00:00,true,false
2024-09-09,2024,37,15,15,100,11,26000000,13500000,192.6,0,,,1.0,2026-09-29T15:58:34.347318+00:00,true,false
2024-09-02,2024,36,14,14.92,93.9,12,32500000,10000000,325,1,,,1.0,2026-09-29T15:58:34.347318+00:00,true,false
2024-08-26,2024,35,8,16,50,7,20000000,10700000,186.9,0,,,1.0,2026-09-29T15:58:34.347318+00:00,true,false
2024-08-19,2024,34,20,15.75,127,15,7500000,13500000,55.6,0,,,1.0,2026-09-29T15:58:34.347318+00:00,true,false
2024-08-12,2024,33,16,15.5,103.2,14,19750000,12000000,164.6,0,,,1.0,2026-09-29T15:58:34.347318+00:00,true,false
2024-08-05,2024,32,14,16,87.5,10,32750000,12250000,267.3,0,,,1.0,2026-09-29T15:58:34.347318+00:00,true,false
2024-07-29,2024,31,18,16.58,108.5,13,4100000,12000000,34.2,0,,,1.0,2026-09-29T15:58:34.347318+00:00,true,false
2024-07-22,2024,30,19,15.83,120,14,30500000,10000000,305,1,,,1.0,2026-09-29T15:58:34.347318+00:00,true,false
2024-07-15,2024,29,14,15.92,88,12,11750000,10000000,117.5,0,,,1.0,2026-09-29T15:58:34.347318+00:00,true,false
2024-07-08,2024,28,11,16.17,68,11,5500000,10200000,53.9,0,,,1.0,2026-09-29T15:58:34.347318+00:00,true,false
2024-07-01,2024,27,10,16.42,60.9,6,15100000,10200000,148,0,,,1.0,2026-09-29T15:58:34.347318+00:00,true,false
2024-06-24,2024,26,20,15.75,127,13,12000000,10100000,118.8,0,,,1.0,2026-09-29T15:58:34.347318+00:00,true,false
2024-06-17,2024,25,16,15.75,101.6,8,18150000,10000000,181.5,0,,,1.0,2026-09-29T15:58:34.347318+00:00,true,false
2024-06-10,2024,24,13,16.25,80,9,6000000,10100000,59.4,0,,,1.0,2026-09-29T15:58:34.347318+00:00,true,false
2024-06-03,2024,23,21,15.42,136.2,14,15000000,10000000,150,0,,,1.0,2026-09-29T15:58:34.347318+00:00,true,false
2024-05-27,2024,22,17,15.17,112.1,11,6000000,10000000,60,0,,,1.0,2026-09-29T15:58:34.347318+00:00,true,false
2024-05-20,2024,21,13,15,86.7,10,11250000,10000000,112.5,0,,,1.0,2026-09-29T15:58:34.347318+00:00,true,false
2024-05-13,2024,20,20,14.17,141.2,17,17000000,10000000,170,0,,,1.0,2026-09-29T15:58:34.347318+00:00,true,false
2024-05-06,2024,19,25,13.08,191.1,20,8500000,10000000,85,1,,,1.0,2026-09-29T15:58:34.347318+00:00,true,false
2024-04-29,2024,18,10,13.33,75,8,8000000,10000000,80,0,,,1.0,2026-09-29T15:58:34.347318+00:00,true,false
2024-04-22,2024,17,15,12.75,117.6,10,11500000,11000000,104.5,0,,,1.0,2026-09-29T15:58:34.347318+00:00,true,false
2024-04-15,2024,16,14,12.67,110.5,11,18000000,12000000,150,1,,,1.0,2026-09-29T15:58:34.347318+00:00,true,false
2024-04-08,2024,15,13,12.92,100.6,8,12000000,12000000,100,0,,,1.0,2026-09-29T15:58:34.347318+00:00,true,false
2024-04-01,2024,14,12,13.08,91.7,6,11250000,11300000,99.6,0,,,1.0,2026-09-29T15:58:34.347318+00:00,true,false
2024-03-25,2024,13,16,12.17,131.5,14,9800000,12000000,81.7,1,,,1.0,2026-09-29T15:58:34.347318+00:00,true,false
2024-03-18,2024,12,19,10.83,175.4,13,8500000,12000000,70.8,0,,,1.0,2026-09-29T15:58:34.347318+00:00,true,false
2024-03-11,2024,11,11,10.75,102.3,5,15000000,11300000,132.7,0,,,1.0,2026-09-29T15:58:34.347318+00:00,true,false
2024-03-04,2024,10,14,10.67,131.3,11,18600000,12000000,155,0,,,1.0,2026-09-29T15:58:34.347318+00:00,true,false
2024-02-26,2024,9,11,10.42,105.6,8,10350000,12000000,86.3,0,,,1.0,2026-09-29T15:58:34.347318+00:00,true,false
2024-02-19,2024,8,10,10.25,97.6,8,9750000,12000000,81.3,0,,,1.0,2026-09-29T15:58:34.347318+00:00,true,false
2024-02-12,2024,7,12,9.92,121,9,4500000,14000000,32.1,0,,,1.0,2026-09-29T15:58:34.347318+00:00,true,false
2024-02-05,2024,6,13,9.25,140.5,9,12000000,14000000,85.7,0,,,1.0,2026-09-29T15:58:34.347318+00:00,true,false
2024-01-29,2024,5,8,8.92,89.7,8,26500000,14000000,189.3,0,,,1.0,2026-09-29T15:58:34.347318+00:00,true,false
